word,category
article,Evidence
moderators,Actor
post,Evidence
constitutional,Effect
reform,Effect
text,Evidence
napoleon,Actor
colluded,Action
powers,Actor
pope,Effect
mother,Actor
severe,Effect
reaction,Effect
government,Actor
alone,Effect
pain,Effect
walk,Effect
carried,Effect
screaming,Effect
watch,Action
murdered,Effect
displaced,Action
fines,Action
xinhua,Actor
deliver,Evidence
israelis,Actor
palestinians,Victim
trained,Action
bomb,Evidence
experts,Evidence
deny,Action
susan,Actor
intriguing,Effect
missing,Effect
spying,Action
signed,Action
evidence,Evidence
ama's,Action
departure,Action
local,Actor
introduced,Action
introduce,Action
survey,Evidence
he's,Actor
examine,Action
entirely,Effect
case,Evidence
blooded,Action
leaves,Evidence
asking,Action
drown,Effect
pharma,Actor
gabbard,Actor
brother,Actor
nikolas,Actor
desire,Effect
activity,Effect
becomes,Effect
bunch,Action
shipped,Action
crack,Action
video,Evidence
bush,Actor
mixed,Effect
approval,Effect
added,Action
permission,Action
owner,Victim
doordash,Actor
potentially,Effect
leading,Effect
customers,Victim
modify,Effect
remove,Effect
restaurants,Actor
garnered,Evidence
march,Evidence
proponents,Actor
data,Evidence
buried,Action
taken,Action
seriously,Effect
industrial,Actor
contracted,Action
polio,Effect
consistent,Evidence
source,Evidence
amateur,Victim
improving,Effect
exercise,Effect
endurance,Effect
tumours,Effect
dropped,Effect
cardarine,Effect
opposed,Action
northern,Actor
michigan,Actor
decided,Action
hand,Action
count,Effect
ballot,Effect
prime,Actor
minister,Actor
announced,Action
resignation,Victim
august,Evidence
successor,Actor
geopolitical,Effect
interested,Effect
analysis,Evidence
richer,Actor
smith,Actor
prevent,Action
donald,Actor
democrat,Actor
framing,Effect
debates,Effect
monarchies,Actor
resulted,Effect
egyptian,Evidence
themed,Evidence
monuments,Evidence
chris,Actor
hedges,Actor
lee,Actor
paul,Actor
warns,Action
ideological,Effect
complained,Action
leaving,Effect
statement,Evidence
nationals,Actor
episode,Evidence
sam,Actor
ryan,Evidence
discuss,Action
stream,Actor
un,Actor
russian,Actor
executed,Effect
airstrikes,Effect
targeting,Action
advertising,Action
focus,Action
parents,Victim
citing,Evidence
colluding,Action
pressure,Action
posted,Evidence
start,Action
forget,Effect
let,Action
attempting,Action
said,Evidence
nyc,Actor
rules,Action
end,Effect
gmo,Effect
frequency,Effect
souls,Victim
learning,Action
german,Actor
career,Effect
starbucks,Actor
still,Effect
draw,Evidence
asked,Action
wrongly,Effect
communities,Victim
locals,Victim
ceo,Actor
advance,Action
ss,Actor
ve,Actor
footage,Evidence
kappy,Victim
monitor,Action
influencers,Actor
retailer,Effect
guantanamo,Actor
cave,Effect
breaks,Evidence
provided,Evidence
flynn,Actor
mueller,Actor
mueller's,Actor
lies,Action
clinton,Actor
senator,Actor
doug,Actor
mastriano,Actor
prohibit,Effect
cooperation,Effect
anthony,Actor
mysterious,Effect
produced,Action
must,Effect
seek,Effect
critique,Action
concept,Action
abusing,Action
suppress,Action
machine,Action
discredit,Effect
fauci,Actor
cindy,Victim
david,Actor
ray,Actor
box,Evidence
soldier,Actor
messed,Effect
locked,Effect
died,Effect
charles,Actor
gives,Action
activated,Effect
videos,Evidence
harmful,Effect
radiation,Effect
listening,Action
businessman,Actor
launder,Action
flew,Action
flanked,Effect
tao,Actor
liu,Actor
awaits,Effect
sentencing,Effect
bribe,Action
humanoid,Actor
species,Actor
performing,Action
rituals,Action
eating,Action
struggle,Effect
partially,Effect
vaccinated,Effect
locking,Effect
check,Evidence
masking,Action
contact,Action
hollywood,Actor
southern,Action
oct,Evidence
sight,Effect
families,Victim
workers,Victim
recent,Evidence
destroy,Effect
globalists,Actor
referendum,Effect
identification,Effect
talking,Action
compiling,Evidence
follow,Evidence
nwo,Actor
fash,Effect
expect,Effect
comrades,Victim
taking,Action
children's,Victim
blood,Effect
aging,Effect
positive,Effect
turn,Effect
clock,Action
heart,Effect
less,Effect
clip,Evidence
chose,Action
biontech,Actor
rolled,Action
trials,Action
inferior,Action
according,Evidence
josh,Evidence
assistant,Evidence
jerusalem,Evidence
injuries,Action
empty,Action
hospitals,Action
stopped,Action
dethroned,Action
scenes,Effect
movies,Evidence
meditation,Action
higher,Effect
falls,Effect
disclose,Action
active,Action
nice,Evidence
double,Evidence
story,Evidence
moses,Actor
release,Action
evolutionary,Effect
bad,Effect
harm,Effect
governance,Effect
pure,Effect
australian,Actor
investing,Action
multilateral,Effect
engagement,Effect
forum,Actor
founding,Evidence
explosion,Action
identified,Evidence
santa,Actor
six,Evidence
wheeled,Action
captured,Effect
red,Action
nasa,Actor
young,Victim
students,Victim
gates,Actor
nathan,Actor
myhrvold,Actor
pictured,Evidence
book,Evidence
boris,Actor
nikolic,Actor
listed,Evidence
plans,Action
salem,Action
authorities,Actor
placed,Evidence
ukraine's,Victim
repeated,Action
errors,Action
soviets,Action
inner,Victim
emotional,Effect
outcome,Effect
wall,Evidence
journal,Evidence
premise,Evidence
magnitude,Effect
worsening,Action
crash,Effect
fight,Action
tweets,Evidence
cristi,Evidence
vagabond,Evidence
cited,Evidence
disproportionate,Action
picture,Evidence
leaders,Actor
better,Effect
report,Evidence
natives,Victim
subscriptions,Effect
tom,Actor
remember,Evidence
medical,Evidence
enforcing,Action
detained,Effect
forcefully,Effect
peaceful,Effect
india's,Actor
charlie,Actor
craig,Victim
biden,Actor
wuhan,Action
attention,Effect
elite,Actor
assumption,Action
airspace,Evidence
violated,Action
correct,Action
navy,Actor
decide,Effect
effectiveness,Effect
committed,Action
tsa,Actor
argument,Evidence
attorney,Actor
crowley,Actor
com,Evidence
crowd,Effect
depth,Evidence
easily,Effect
understood,Effect
breathing,Effect
types,Effect
points,Effect
understanding,Effect
context,Effect
danger,Effect
willing,Effect
pigeons,Effect
realistic,Evidence
rushed,Action
receive,Action
shot,Action
knowing,Effect
raids,Effect
sought,Action
proposals,Action
marina,Actor
broke,Action
nasa's,Actor
atmosphere,Effect
gained,Effect
elizabeth,Actor
teackle,Actor
mansion,Evidence
located,Evidence
opportunity,Effect
wednesday,Evidence
documentary,Evidence
eve,Actor
evolves,Action
mercantile,Action
economies,Action
emerge,Action
simple,Action
codex,Actor
ailmentarius,Actor
pronged,Action
river,Action
airline,Actor
trump's,Actor
administration,Actor
complicit,Action
changes,Action
interviewed,Evidence
excerpts,Evidence
necessary,Effect
justin,Actor
youth,Effect
women's,Victim
holdings,Actor
associates,Actor
scientology,Actor
laughed,Action
sneered,Action
kamala,Actor
harris,Actor
gearing,Evidence
microsoft,Actor
billionaires',Evidence
dinner,Evidence
gates',Actor
advisor,Actor
managing,Action
director,Actor
capitalist,Effect
exector's,Effect
whitey,Actor
murderous,Action
deputy,Actor
nsw,Actor
premier,Actor
entering,Evidence
building,Action
trying,Action
nsa,Actor
q,Actor
lightning,Evidence
phenomenon,Effect
travel,Effect
earth's,Effect
booster,Effect
mr,Actor
khan,Actor
existing,Effect
welfare,Effect
england,Evidence
initiative,Evidence
creators,Evidence
ensure,Action
net,Evidence
fastest,Evidence
sales,Evidence
nikola,Actor
tesla,Actor
opt,Action
frame,Action
measurement,Action
indirectly,Evidence
references,Evidence
mentioned,Evidence
phil,Evidence
grandpa,Actor
trail,Action
photo,Evidence
mar,Evidence
gmail,Actor
tech,Actor
letters,Evidence
seeking,Effect
institute,Actor
wave,Effect
statements,Evidence
heated,Action
cia,Actor
pentagon,Actor
poem,Actor
mathematical,Effect
separate,Action
jane,Victim
records,Evidence
pages,Evidence
files,Evidence
reports,Evidence
sanders,Actor
jill,Actor
stein,Actor
russians,Actor
experiences,Action
question,Action
usually,Effect
blog,Evidence
attending,Action
intentionally,Action
perform,Action
deleted,Action
updated,Evidence
gain,Effect
viruses,Action
collective,Evidence
max,Actor
withheld,Effect
ordered,Action
klaus,Actor
schwabs,Actor
fruition,Effect
register,Actor
couple,Evidence
thor,Evidence
lose,Effect
mystery,Effect
tons,Actor
intrinsic,Evidence
causing,Action
lung,Effect
infamous,Evidence
site,Evidence
mountain,Evidence
authors,Evidence
discovered,Evidence
incorrect,Evidence
budget,Evidence
ahead,Effect
spend,Effect
granger,Actor
taylor,Actor
longed,Action
achieved,Effect
widespread,Effect
coal,Effect
dragging,Action
studies,Evidence
behaviour,Effect
czech,Victim
republic's,Victim
gags,Action
pablo,Victim
miller,Victim
ellis,Actor
ken,Actor
pleaded,Evidence
cooperate,Effect
contractors,Actor
zelensky,Actor
addressed,Action
external,Evidence
debt,Effect
democrats,Actor
fda,Actor
advisory,Evidence
committees,Evidence
contradictions,Effect
shutdown,Action
keeps,Action
record,Evidence
rogue,Actor
forever,Effect
amazon,Actor
equal,Action
steps,Action
strengthening,Effect
aspects,Effect
amazing,Evidence
polly,Actor
hitting,Action
deeper,Action
ghislaine,Actor
deeply,Action
toronto,Actor
total,Effect
province,Actor
feds,Actor
insecurity,Effect
invisible,Effect
homelessness,Effect
vehicles,Effect
shelter,Effect
awhile,Effect
addressing,Effect
heroin,Action
democratically,Effect
different,Effect
wearechange,Actor
org,Evidence
available,Evidence
unlikely,Effect
interference,Action
gaining,Effect
andrew,Actor
firm,Evidence
applied,Action
costs,Effect
understand,Effect
chooses,Action
quote,Evidence
wage,Action
terrify,Effect
injury,Effect
reagan,Actor
liable,Action
ralph,Actor
nader,Actor
counter,Action
tv,Evidence
kidnapped,Action
father,Actor
memories,Evidence
implementation,Action
yahusha,Actor
pregnant,Victim
blasted,Action
documenting,Evidence
paid,Action
frequently,Actor
estate,Effect
doing,Action
stinks,Effect
briefing,Evidence
improvement,Effect
create,Action
threats,Effect
lights,Evidence
closer,Action
supreme,Actor
conservative,Actor
inserting,Action
milo,Actor
hot,Action
declaring,Action
inequality,Effect
behavior,Action
wealthy,Victim
irrelevant,Victim
linked,Evidence
introduction,Action
beginning,Effect
senior,Actor
demands,Action
filmed,Evidence
collapze,Effect
apr,Evidence
ltd,Actor
consumers,Victim
location,Evidence
collected,Action
december,Evidence
chair,Actor
authoritarianism,Action
australians,Victim
object,Action
cant,Evidence
saucer,Evidence
hit,Action
howard,Actor
picking,Action
grow,Effect
solid,Effect
rival,Effect
kh,Actor
kinds,Effect
currency,Effect
conference,Evidence
karen,Actor
counsel,Actor
momentum,Effect
includes,Evidence
lecture,Evidence
marko,Actor
rodin,Actor
device,Action
drawing,Action
ether,Victim
yang,Actor
banking,Actor
transition,Effect
symmetries,Evidence
buttress,Evidence
catastrophe,Effect
cycle,Effect
bureau,Actor
memphis,Victim
warning,Action
shake,Action
haarp,Actor
mental,Effect
headlines,Evidence
nyt,Actor
affect,Effect
duty,Action
speaking,Action
faster,Effect
speeds,Effect
modem,Evidence
theoretical,Action
violently,Effect
blowed,Action
photos,Evidence
goal,Action
heaven,Effect
medium,Evidence
parallels,Action
decides,Evidence
rise,Effect
academic,Effect
ezra,Actor
klein,Actor
bernie,Actor
stressed,Effect
unified,Effect
impact,Effect
actors,Actor
skripal,Victim
malaysian,Actor
dershowitz,Actor
claiming,Action
ross,Actor
merely,Effect
doubt,Effect
terrorize,Effect
violation,Effect
student,Actor
allegedly,Evidence
offended,Effect
teacher,Victim
silence,Action
harassment,Effect
mention,Evidence
nursing,Victim
victim,Victim
reduce,Effect
afraid,Effect
fires,Effect
acres,Effect
italy,Actor
gradually,Action
moving,Action
fascism,Effect
gone,Effect
commander,Evidence
jeroen,Actor
weimar,Actor
pushing,Action
doctors,Actor
soldiers,Victim
taxpayers,Victim
nonsense,Evidence
takes,Action
sound,Effect
circle,Evidence
mail,Evidence
firearm,Victim
avoiding,Effect
carry,Evidence
mps,Evidence
bob,Actor
formal,Evidence
required,Evidence
specifically,Evidence
merits,Evidence
appeals,Actor
judges,Actor
choose,Effect
ghana,Actor
rwanda,Actor
bans,Action
prefer,Effect
shots,Action
populace,Victim
imprisonment,Effect
execution,Evidence
detrimental,Effect
shocked,Effect
link,Evidence
planning,Action
cover,Action
rebuild,Evidence
owen,Evidence
practice,Action
done,Effect
george,Actor
daniel,Actor
endure,Effect
christopher,Actor
explanations,Effect
mark,Actor
relief,Evidence
leveraging,Action
persuade,Effect
leverage,Action
suspended,Action
zhao,Actor
missed,Effect
shanghai,Actor
essay,Evidence
considerable,Effect
paul's,Effect
arriving,Action
reuters,Evidence
trailer,Evidence
unarmed,Victim
satan,Actor
jeff,Actor
california,Actor
employer,Actor
studied,Action
argues,Action
leaking,Evidence
fbi,Actor
classic,Evidence
alefantis,Actor
agencies,Actor
sit,Action
analyze,Action
findings,Action
julie,Victim
ryders,Actor
montana,Evidence
parks,Evidence
veracity,Evidence
dig,Action
pastor,Actor
boring,Effect
terminator,Evidence
dimensional,Effect
osint,Evidence
deployed,Action
venezuelan,Actor
purchases,Action
meet,Action
basis,Action
eyewitness,Actor
testimony,Evidence
highest,Evidence
luxurious,Victim
wikipedia,Evidence
tragedy,Effect
example,Evidence
messaging,Action
debate,Action
hosts,Actor
rejected,Action
saudi,Actor
arabia,Actor
sudan,Actor
jordan,Actor
egypt,Actor
brian,Actor
entin,Actor
accumulated,Action
atari,Effect
secure,Action
exclusively,Effect
sorry,Victim
longer,Effect
rd,Action
devil,Actor
noticed,Evidence
immediately,Evidence
buddies,Evidence
sniffing,Evidence
developments,Evidence
tool,Evidence
centers,Evidence
conditions,Effect
inch,Evidence
kevin,Actor
spacey's,Victim
podcast,Evidence
listen,Action
wiki,Evidence
bat,Action
dan,Actor
cartoons,Action
doc,Evidence
eventually,Evidence
capability,Effect
launched,Action
proof,Evidence
greta,Actor
ngos,Actor
basiago,Actor
al,Actor
bielek,Actor
pieces,Effect
boycotts,Effect
requiring,Action
omicron,Action
visited,Evidence
concern,Evidence
inmates,Actor
mandate,Action
adverse,Effect
protocols,Evidence
ended,Evidence
goes,Action
sell,Action
invade,Action
subjects,Victim
arguing,Action
reached,Effect
returned,Action
restrictive,Action
silenced,Effect
maga,Actor
serves,Effect
agreed,Action
documents,Evidence
covert,Action
innovation,Effect
grievances,Evidence
standing,Action
definitely,Action
designed,Action
fighters,Actor
addresses,Action
roughly,Evidence
browser,Evidence
covered,Action
substantial,Evidence
denying,Action
susceptible,Action
speed,Action
clothes,Action
confiscated,Action
protecting,Effect
nationwide,Actor
suspects,Victim
skull,Action
arm,Action
melania,Actor
diverge,Effect
ages,Effect
income,Effect
terrified,Action
underlying,Effect
intelligent,Effect
ends,Effect
removing,Effect
vote,Action
lethal,Effect
strengthen,Effect
deterrence,Effect
software,Evidence
fail,Effect
sightings,Action
misdirection,Action
labs,Actor
gigabits,Action
expansion,Effect
capacity,Action
lied,Action
accountable,Evidence
ubi,Evidence
involved,Action
timing,Evidence
consumer,Victim
decade,Effect
confusing,Effect
hidden,Action
broken,Effect
divided,Effect
inc,Actor
engines,Action
sites,Effect
appearing,Evidence
often,Effect
links,Evidence
facts,Evidence
kubrick,Effect
nypd,Effect
suicides,Effect
assume,Evidence
asinine,Evidence
alive,Evidence
intervention,Action
coercion,Action
william,Actor
anomalous,Evidence
july,Evidence
weeks,Evidence
wages,Effect
included,Action
surface,Effect
vargas,Actor
blind,Effect
corruption,Action
wait,Effect
encourage,Victim
defendant,Victim
shoot,Action
females,Victim
group,Actor
edition,Evidence
naval,Action
bases,Action
secretary,Actor
solve,Effect
persists,Effect
withdrawal,Effect
greater,Effect
lay,Effect
caatsa,Actor
missiles,Action
forcing,Effect
devious,Actor
design,Action
cloned,Effect
fascinating,Evidence
civilization,Actor
girls,Victim
maintaining,Action
uighurs,Victim
matt,Actor
nbc,Actor
bond,Evidence
recommended,Action
sullivan,Actor
bilateral,Effect
tuesday,Evidence
discusses,Action
neighborhood,Victim
covers,Action
differences,Action
extended,Effect
methods,Action
investigate,Action
waves,Action
concentrate,Effect
prof,Actor
brainwashed,Effect
blacks,Victim
underage,Victim
implement,Action
votes,Effect
spoke,Action
camera,Evidence
pushback,Effect
battle,Action
lobbying,Action
result,Effect
latest,Evidence
parts,Action
union,Actor
pictures,Evidence
poll,Evidence
exploiting,Action
africa,Action
influence,Effect
sow,Action
pursue,Action
ran,Action
candidates,Action
spitzenkandidaten,Actor
join,Action
elections,Action
seats,Action
negotiated,Evidence
ratified,Evidence
parliaments,Evidence
jean,Actor
claude,Actor
juncker,Actor
haven,Effect
abducted,Evidence
warming,Effect
summarizes,Action
revelation,Evidence
intact,Effect
extra,Effect
terrestrial,Effect
pilots,Actor
groundbreaking,Effect
creator,Action
ruin,Effect
striking,Effect
unions,Evidence
harvard,Evidence
slowing,Action
impeachment,Effect
maria,Actor
infiltrated,Action
narratives,Action
exposes,Evidence
outfit,Victim
liberation,Victim
ulfa,Victim
sonia,Actor
gandhi,Actor
bangladeshis,Action
purposes,Action
campaigning,Effect
assembly,Effect
posting,Action
contract,Action
govt,Actor
adult,Actor
hurting,Action
asian,Victim
track,Evidence
abnormalities,Effect
pedophiles,Actor
emails,Evidence
involving,Action
podesta,Actor
clintons,Actor
channel,Evidence
lovethetruth,Evidence
draws,Evidence
extant,Evidence
literature,Evidence
psychological,Effect
needs,Effect
identifies,Evidence
particular,Evidence
ideologically,Effect
motivated,Effect
liberals,Actor
timelines,Evidence
whom,Evidence
tries,Action
explained,Action
scroll,Evidence
photographs,Evidence
tony,Actor
presentation,Action
dialogue,Action
hostages,Victim
victims,Victim
suppressing,Action
md,Actor
scheme,Action
developers,Actor
expert,Actor
ian,Actor
generic,Actor
diversity,Effect
creative,Evidence
funds,Effect
jami,Victim
jeremy,Evidence
winning,Evidence
oscar,Actor
appeared,Action
timeline,Evidence
films,Evidence
existed,Evidence
researcher,Actor
reported,Evidence
revealing,Effect
heating,Action
grace,Evidence
spacecraft,Evidence
unemployment,Effect
snopes,Actor
labeled,Evidence
straight,Effect
multitude,Action
features,Effect
interviews,Evidence
tulsi,Victim
aaron,Actor
mate,Actor
martin,Actor
jackson,Actor
los,Actor
angeles,Actor
lund,Actor
overlooked,Action
counterculture,Action
pseudoscience,Action
absolute,Action
lunacy,Action
whilst,Action
upon,Action
distinct,Effect
victory,Evidence
politico,Actor
rotten,Effect
charges,Evidence
paper,Evidence
iranian,Actor
terrorist,Action
feminists,Actor
greatly,Effect
shifted,Action
grover,Victim
archive,Evidence
screenshot,Evidence
editorial,Evidence
recovery,Effect
honestly,Effect
store,Effect
andr,Actor
balazs,Actor
abramovic,Actor
rachel,Actor
chandler,Actor
recruit,Action
maxwell,Actor
sarah,Actor
kellen,Actor
rothschild,Actor
vascular,Effect
clots,Effect
nato,Actor
medicines,Effect
esoteric,Evidence
framed,Action
bashing,Action
aipac,Actor
insist,Action
traitors,Actor
exposing,Action
damaged,Victim
tooth,Victim
netanyahu,Actor
nuclear,Action
generational,Action
turning,Effect
screw,Action
trafficking,Action
joe,Actor
npr,Actor
beat,Action
cassif,Victim
crazy,Action
glasses,Effect
complicated,Action
utilized,Action
kaine,Action
personality,Effect
forty,Victim
substack,Evidence
unelected,Actor
delegates,Actor
depp,Actor
describing,Evidence
lamda,Victim
technical,Effect
limitations,Effect
edited,Evidence
edits,Evidence
grocery,Effect
stores,Effect
poison,Effect
processed,Evidence
evades,Effect
critiscism,Effect
proved,Evidence
address,Effect
cruelty,Action
punnet,Actor
neil,Actor
boomers,Effect
gas,Evidence
station,Evidence
mine,Evidence
kick,Action
tptb,Actor
freezing,Action
oligarch,Actor
purchase,Effect
ice,Evidence
hillary,Actor
brave,Victim
distraction,Action
liability,Action
date,Evidence
loss,Effect
exactly,Effect
brains,Effect
regain,Effect
cencored,Effect
page,Evidence
film,Evidence
nick,Actor
covering,Action
conducting,Action
probe,Evidence
aviation,Effect
urged,Effect
flight,Effect
risks,Effect
tweeted,Action
measure,Action
shedding,Effect
needed,Effect
aeronautics,Actor
minute,Evidence
blender,Actor
microwave,Action
disable,Action
perestroika,Actor
preparatory,Evidence
phase,Evidence
kinetic,Effect
wwiii,Effect
ww,Effect
immanency,Effect
anybody,Victim
hide,Action
sydney,Actor
assaulting,Action
approved,Action
expensive,Action
vladimir,Actor
bankrupting,Action
weaken,Effect
defensive,Effect
capabilities,Effect
possibility,Action
chappelle,Victim
interaction,Action
subliminal,Action
banning,Action
structures,Effect
poverty,Effect
korean,Actor
hackers,Actor
update,Action
'glitch',Action
flipped,Effect
o'biden,Effect
'software,Evidence
magic',Evidence
technique,Evidence
personally,Action
discussing,Action
curious,Evidence
freeman,Evidence
min,Evidence
installation,Action
wine,Action
bots,Actor
physically,Effect
clean,Action
cleaner,Actor
arranged,Action
cough,Victim
yourself,Actor
played,Action
implications,Effect
angles,Effect
philosopher,Evidence
mods,Actor
crimea,Victim
maritime,Effect
ed,Actor
obviously,Evidence
michaels,Actor
cataclysmic,Action
michael's,Actor
objects,Action
ten,Evidence
technologies,Action
delivered,Action
acknowledging,Evidence
b,Effect
attacking,Action
disappear,Action
lifting,Action
awarded,Action
shield,Action
demonstrate,Effect
enhance,Effect
paragraph,Evidence
define,Effect
sexually,Action
buying,Action
capitalism,Actor
jason,Actor
listeners,Victim
weeded,Action
musk,Actor
escalation,Action
edit,Evidence
friendly,Effect
embrace,Action
falling,Action
fell,Effect
webb,Actor
zio,Actor
extremism,Effect
boundaries,Effect
monster,Actor
vloggers,Actor
exploit,Action
satisfy,Effect
insanity,Action
rapidly,Effect
tesla's,Victim
adapted,Action
cloaking,Action
exo,Action
gear,Action
harnessed,Evidence
invoking,Evidence
vibration,Evidence
imagining,Evidence
nowadays,Effect
pineal,Effect
gland,Effect
anymore,Effect
principle,Effect
oneness,Effect
predicted,Effect
checking,Action
annual,Action
neighboring,Effect
chuck,Actor
schumer,Actor
drugs,Action
optimistic,Effect
rating,Action
offered,Action
plandemic,Action
compounds,Action
leaning,Action
pelosi's,Effect
committee,Actor
ploy,Effect
score,Effect
competitive,Action
practices,Action
douglas,Actor
transmit,Effect
complaining,Action
cablelabs,Actor
permanent,Evidence
feeling,Effect
handed,Action
fuck,Effect
righteous,Action
meant,Effect
conclude,Evidence
jack,Actor
ward,Evidence
boeing,Action
extensive,Action
capture,Effect
gaslit,Action
blatantly,Action
propoganda,Action
shoved,Action
throats,Effect
liking,Action
commenting,Action
decree,Evidence
scale,Effect
vietnam,Action
tiktok,Actor
content,Action
geopolitics,Evidence
precipitation,Action
irrigation,Action
huerta,Actor
documented,Evidence
seekers,Victim
prop,Action
militant,Actor
uploaded,Evidence
preserve,Effect
myth,Action
sway,Action
san,Victim
mormons,Actor
perception,Effect
relevant,Evidence
dod,Actor
shootdown,Action
diplomat,Evidence
blame,Action
metaphysics,Evidence
dogmatic,Effect
misconceptions,Evidence
ppl,Evidence
whatsoever,Evidence
dont,Effect
anarchy,Actor
antidote,Actor
nationalize,Effect
baron,Evidence
trusts,Evidence
surrounded,Effect
rumors,Effect
transpires,Effect
monsanto,Actor
hydroponics,Victim
especially,Effect
vast,Effect
trap,Effect
researching,Action
army's,Actor
pulse,Action
evacuate,Effect
bankers,Actor
normalization,Action
starting,Action
robert,Actor
mossad,Actor
everyday,Action
hogg,Actor
admits,Action
matters,Effect
jet,Action
frozen,Effect
spokesman,Evidence
versions,Evidence
refugees,Actor
passes,Effect
announcement,Evidence
racism,Effect
hunter,Actor
dude,Actor
transparency,Evidence
convince,Action
audience,Victim
transmission,Evidence
assassinated,Effect
ahmed,Action
assassination,Action
french,Actor
path,Evidence
zealand,Actor
mahuta,Actor
uncomfortable,Action
scope,Effect
partners,Actor
opportunities,Effect
neighbours,Victim
risk,Effect
mauser,Actor
practical,Action
inhabiting,Action
keyhoe,Actor
appearances,Evidence
suffering,Effect
downvoting,Action
rothschilds,Actor
benefit,Effect
hosted,Action
leaker,Actor
doj,Actor
secretly,Action
fill,Effect
parenthood,Actor
labor,Action
symbolism,Action
countless,Actor
actresses,Actor
musicians,Actor
sports,Actor
players,Actor
prominent,Actor
decline,Effect
op,Evidence
china's,Actor
tagging,Action
criminals,Actor
founder,Actor
acts,Evidence
june,Evidence
submission,Evidence
material,Effect
socialists,Actor
prohibited,Action
priests,Actor
wouldn't,Evidence
passing,Action
buck,Actor
michelle's,Actor
labelled,Effect
begin,Action
leap,Effect
obtained,Action
app,Evidence
aids,Effect
procedure,Evidence
cars,Actor
craft,Evidence
blm,Action
burns,Evidence
resulting,Effect
burden,Effect
victoria,Evidence
coup,Effect
feb,Evidence
greg,Actor
mean,Effect
headline,Evidence
spike,Action
adams,Actor
we're,Victim
stated,Evidence
assessment,Effect
brushed,Action
continuation,Effect
tests,Evidence
successfully,Effect
amy,Actor
eat,Effect
answers,Evidence
technicians,Victim
magazine,Evidence
thirty,Evidence
demographics,Effect
arabian,Actor
uncovered,Effect
ritual,Action
disgusting,Effect
nickelodeon,Actor
invoke,Action
debunk,Effect
suggests,Evidence
surprisingly,Evidence
dictator,Actor
andrews,Actor
'lockout',Effect
lasted,Effect
lifted,Action
puts,Effect
worth,Effect
h,Actor
humanity's,Effect
imposed,Action
chad,Action
dawn,Evidence
warner,Actor
approve,Action
fallout,Effect
officially,Action
narcotics,Actor
imran,Actor
burning,Action
seized,Action
established,Effect
saved,Evidence
dutch,Actor
urban,Effect
criticized,Effect
custody,Effect
censoring,Action
justified,Action
gay,Victim
okay,Action
censor,Action
fighter,Actor
mod,Actor
panic,Effect
managers,Actor
hedge,Effect
globally,Effect
provider,Evidence
bloomberg,Evidence
nacreous,Evidence
clouds,Evidence
weather,Action
observed,Action
frank,Actor
bible,Evidence
christians,Actor
return,Effect
authorized,Effect
belief,Effect
faith,Effect
importance,Action
swim,Actor
gala,Actor
bingo,Actor
pop,Effect
opened,Action
energize,Action
grid,Action
affected,Action
everyone's,Victim
ii,Actor
female,Victim
tplf,Actor
repercussions,Effect
assessments,Evidence
alt,Actor
mills,Evidence
commercial,Effect
corsi,Actor
seth,Actor
stats,Action
o,Actor
supported,Action
primaries,Evidence
refusal,Evidence
colony,Effect
chaos,Effect
extraterrestrials,Actor
disorder,Effect
dissociative,Effect
identity,Effect
alters,Effect
concurrently,Evidence
offer,Effect
moved,Action
insights,Evidence
advantage,Effect
block,Action
moderator,Actor
threads,Action
speaks,Action
soros,Actor
rivers,Actor
mysteriously,Evidence
michelle,Actor
antifa,Actor
credit,Evidence
chart,Evidence
democracy,Effect
delonge,Actor
quantum,Effect
vaccinations,Action
rent,Evidence
clothing,Evidence
uk's,Actor
refusing,Action
adds,Effect
cohen,Actor
stormy,Victim
threaten,Action
steele,Actor
victor,Actor
richard,Actor
riots,Action
pa,Actor
decreased,Victim
soft,Effect
monica,Victim
lewinsky,Actor
popularity,Evidence
comfortable,Effect
researched,Effect
engage,Effect
strategic,Action
objective,Action
boards,Actor
confused,Effect
mindset,Effect
jaded,Effect
tipping,Effect
wheat,Effect
chaff,Effect
disengagement,Evidence
continually,Evidence
baudrillard,Actor
passio,Actor
criticize,Action
feminism,Effect
ships,Effect
establishing,Action
portray,Action
vacation,Action
learn,Effect
lessons,Evidence
chronicle,Evidence
arctic,Evidence
volume,Evidence
melt,Evidence
maximum,Evidence
boe,Actor
mammals,Action
blew,Effect
netflix,Evidence
recognize,Action
advertised,Evidence
developing,Effect
occupy,Action
survivors,Victim
barry,Victim
davis,Victim
respective,Action
ghosts,Evidence
fine,Action
responses,Effect
raping,Action
binney,Victim
baby,Victim
immune,Effect
herb,Actor
cheap,Effect
disappeared,Action
paranoia,Effect
weinstein,Actor
embarrassing,Action
dylan,Actor
yr,Victim
hired,Evidence
enforce,Evidence
masks,Action
fooled,Action
fraud,Action
removal,Effect
perfectly,Evidence
groomed,Evidence
gladys,Actor
berejiklian,Actor
dismisses,Action
tucker,Actor
carlson,Actor
baseless,Effect
exploring,Action
vaxxers,Victim
evolution,Evidence
index,Evidence
pointing,Effect
gathering,Effect
indicate,Evidence
administration's,Actor
migrant,Effect
arizona,Actor
separated,Victim
looked,Action
discussed,Action
islamic,Actor
sharia,Actor
perpetuates,Action
brutality,Action
dying,Effect
neighbors,Actor
brothers,Actor
inconsistent,Action
gunsmithing,Action
monetary,Action
hegemony,Effect
trauma,Action
iron,Evidence
fifth,Action
fundamental,Action
stimulus,Effect
loose,Effect
creates,Effect
useful,Victim
cbs,Actor
alter,Effect
indians,Actor
lungs,Action
jump,Evidence
mccarthy,Actor
cuts,Action
suggested,Effect
continues,Evidence
contracts,Effect
struggling,Effect
martini,Actor
flipside,Action
divine,Effect
dystopian,Effect
sovereignty,Action
heads,Action
adam,Actor
schiff,Actor
patrol,Evidence
standards,Effect
replies,Evidence
olde,Effect
timey,Effect
witch,Effect
temporary,Evidence
snowflakes,Actor
assumed,Evidence
fired,Action
revolution,Action
wolfe,Victim
burisch,Actor
crain,Actor
bio,Effect
estimates,Evidence
girl's,Victim
kidnapping,Action
assange,Victim
difficult,Effect
motion,Action
recognition,Action
rapists,Effect
experienced,Effect
employed,Effect
beast,Actor
performance,Effect
libertarians,Actor
elderly,Victim
sesta,Actor
fosta,Actor
cast,Effect
eric,Actor
drive,Action
hope,Effect
brazil,Effect
leftist,Effect
tale,Evidence
manifestations,Evidence
value,Effect
prove,Action
assumptions,Effect
thoughtful,Effect
confiscate,Evidence
yellow,Actor
withholding,Action
operatives,Actor
proud,Actor
vague,Effect
ac,Action
elon,Actor
poc,Actor
letter,Evidence
coincidence,Evidence
georg,Actor
describes,Effect
appropriate,Effect
wef,Actor
destroying,Action
rogan,Actor
circles,Evidence
urgent,Action
husband,Victim
techniques,Action
apple,Actor
iphone,Actor
funeral,Evidence
admitted,Action
religions,Effect
moye,Actor
regulators,Actor
spectrum,Effect
inspiration,Effect
normal,Evidence
intellectual,Effect
teenager,Actor
holes,Evidence
legacy,Actor
selective,Action
surprise,Effect
thompson,Actor
ndaa,Evidence
transcript,Evidence
hyperborea,Actor
voyage,Effect
greenland,Effect
manby,Actor
habitation,Effect
foreigners,Victim
sets,Action
reviewing,Action
leadership,Effect
position,Effect
vaxxed,Effect
verified,Evidence
documentation,Evidence
paints,Effect
startling,Effect
employ,Action
watched,Evidence
ballistic,Action
girl,Victim
rollout,Action
corona,Evidence
initiatives,Action
rot,Effect
primarily,Evidence
strikes,Action
emerged,Effect
italian,Evidence
traffic,Effect
onto,Effect
supremacy,Action
testament,Action
outrageous,Evidence
'pick,Effect
poison',Effect
poorly,Effect
reviews,Evidence
liar,Action
towns,Victim
evasive,Action
informs,Evidence
responsible,Evidence
gate,Action
disclosing,Effect
subscribing,Action
collusion,Action
slipped,Action
firing,Action
reputable,Evidence
excellent,Evidence
reflect,Action
bombshell,Evidence
vastly,Effect
dimensions,Action
andy,Actor
settlement,Evidence
feature,Effect
beijing,Actor
luo,Actor
week,Evidence
twitter's,Actor
association,Evidence
reptilian,Actor
draconians,Actor
satanic,Actor
zionists,Actor
referenced,Evidence
entry,Effect
proves,Evidence
dinosaur,Actor
gov,Victim
desantis,Actor
pakistani,Actor
arabs,Evidence
burroughs,Actor
fiction,Evidence
they'll,Actor
pipelines,Evidence
residents,Victim
unique,Action
aw,Actor
description,Evidence
printer,Action
rewrite,Action
invented,Evidence
orientation,Action
supposed,Effect
psychopaths,Actor
remote,Action
talked,Action
hypnosis,Action
wheel,Evidence
sequel,Evidence
butler's,Actor
bidding,Effect
explain,Effect
earlier,Effect
hire,Effect
blinken,Actor
vests,Actor
speculation,Evidence
rally,Evidence
dependency,Effect
idiots,Victim
payments,Effect
acknowledged,Action
giants,Actor
zoom,Action
fascists,Actor
terrorism,Effect
demand,Effect
installed,Action
experiencing,Effect
gerald,Actor
boyle,Actor
est,Evidence
oligarchy,Action
strain,Effect
clinton's,Actor
haiti,Action
perhaps,Evidence
hitler,Actor
jew,Victim
olive,Effect
occult,Evidence
failures,Action
skynet,Evidence
stole,Action
estimated,Effect
random,Evidence
audits,Evidence
difference,Effect
reporters,Evidence
kushner,Actor
anchor,Actor
navigate,Effect
blow,Effect
progress,Effect
achieving,Action
informal,Action
sessions,Actor
caption,Actor
disrupt,Action
everybody,Victim
willingness,Action
comedians,Actor
mini,Evidence
auto,Effect
barr,Actor
silverstein,Actor
corporation,Actor
birds,Victim
turkey,Actor
variants,Effect
archaeologists,Actor
stones,Effect
therefore,Evidence
raise,Effect
j,Actor
ovl,Action
philosophical,Effect
cern,Actor
stephen,Actor
visit,Action
pornography,Effect
hair,Effect
drastically,Effect
sec,Actor
recommend,Action
protein,Action
donations,Action
countering,Actor
tactics,Evidence
tariffs,Effect
mccabe,Actor
establish,Effect
sufficient,Effect
myocarditis,Effect
pericarditis,Effect
coulthart,Actor
ann,Actor
compromised,Action
units,Victim
precise,Effect
founders,Actor
mcdonald,Actor
contractor,Actor
camps,Effect
outcomes,Effect
country's,Effect
funnel,Action
texture,Effect
bombs,Action
guru,Actor
progressives,Victim
rigging,Evidence
thinkers,Victim
altitude,Evidence
hiding,Effect
nra,Actor
replaced,Effect
nefarious,Evidence
infected,Effect
normalize,Action
luther,Evidence
drones,Actor
hacking,Actor
postmodernism,Victim
commanders,Actor
images,Evidence
deliberate,Action
shady,Effect
patriotism,Action
cures,Effect
mcconnell,Actor
mainland,Effect
essential,Action
mma,Actor
corp,Actor
arsenal,Action
preparing,Action
profound,Action
inclusion,Effect
ads,Evidence
cats,Effect
nukes,Action
enslavement,Action
abduction,Action
sperm,Effect
wastewater,Evidence
saber,Action
rattling,Action
batteries,Effect
dismiss,Evidence
comcast,Actor
dragged,Action
cha,Effect
haddad,Actor
newsweek,Actor
virginia,Actor
functions,Effect
liberalism,Evidence
steiner,Actor
walls,Effect
informant,Evidence
dose,Effect
strieber,Victim
clowns,Actor
wildfire,Actor
participation,Action
wgcz,Actor
pacaud,Actor
necessities,Evidence
educational,Action
publish,Action
pollution,Actor
everalbum,Actor
retirement,Action
ammunition,Effect
lgbt,Actor
hooke,Actor
skyworks,Actor
libya,Actor
eff,Victim
lapd,Actor
rourke,Actor
granny,Actor
